id,type,text,source,source_url,enabled
1,programming,"A SQL query walks into a bar, walks up to two tables and asks... — 'Can I join you?'",OJA,https://github.com/15Dkatz/official_joke_api,1
2,programming,Why did the programmer bring a ladder to work? — They heard the code needed to be debugged from a higher level.,OJA,https://github.com/15Dkatz/official_joke_api,1
3,programming,What's the object-oriented way to become wealthy? — Inheritance,OJA,https://github.com/15Dkatz/official_joke_api,1
4,programming,Why did the programmer quit his job? — Because he didn't get arrays.,OJA,https://github.com/15Dkatz/official_joke_api,1
5,programming,"A programmer puts two glasses on his bedside table before going to sleep. — A full one, in case he gets thirsty, and an empty one, in case he doesn’t.",OJA,https://github.com/15Dkatz/official_joke_api,1
6,programming,"3 SQL statements walk into a NoSQL bar. Soon, they walk out — They couldn't find a table.",OJA,https://github.com/15Dkatz/official_joke_api,1
7,programming,What’s the object-oriented way to become wealthy? — Inheritance.,OJA,https://github.com/15Dkatz/official_joke_api,1
8,programming,Why did the functions stop calling each other? — Because they had constant arguments.,OJA,https://github.com/15Dkatz/official_joke_api,1
9,programming,Why did the programmer go to art school? — He wanted to learn how to code outside the box.,OJA,https://github.com/15Dkatz/official_joke_api,1
10,programming,Why do programmers prefer dark chocolate? — Because it's bitter like their code.,OJA,https://github.com/15Dkatz/official_joke_api,1
11,programming,Why did the programmer go broke? — He used up all his cache,OJA,https://github.com/15Dkatz/official_joke_api,1
12,programming,Why don't programmers like nature? — There's too many bugs.,OJA,https://github.com/15Dkatz/official_joke_api,1
13,programming,Why did the programmer quit their job? — They didn't get arrays.,OJA,https://github.com/15Dkatz/official_joke_api,1
14,programming,Why don't programmers like nature? — Too many bugs.,OJA,https://github.com/15Dkatz/official_joke_api,1
15,programming,Why did the programmer bring a broom to work? — To clean up all the bugs.,OJA,https://github.com/15Dkatz/official_joke_api,1
16,programming,"What's the best thing about a Boolean? — Even if you're wrong, you're only off by a bit.",OJA,https://github.com/15Dkatz/official_joke_api,1
17,programming,Where do programmers like to hangout? — The Foo Bar.,OJA,https://github.com/15Dkatz/official_joke_api,1
18,programming,How many programmers does it take to change a lightbulb? — None that's a hardware problem,OJA,https://github.com/15Dkatz/official_joke_api,1
19,programming,"['hip', 'hip'] — (hip hip array)",OJA,https://github.com/15Dkatz/official_joke_api,1
20,programming,To understand what recursion is... — You must first understand what recursion is,OJA,https://github.com/15Dkatz/official_joke_api,1
21,programming,There are 10 types of people in this world... — Those who understand binary and those who don't,OJA,https://github.com/15Dkatz/official_joke_api,1
22,programming,Which song would an exception sing? — Can't catch me - Avicii,OJA,https://github.com/15Dkatz/official_joke_api,1
23,programming,Lady: How do I spread love in this cruel world? — Random Dude: [...💘],OJA,https://github.com/15Dkatz/official_joke_api,1
24,programming,What is the most used language in programming? — Profanity.,OJA,https://github.com/15Dkatz/official_joke_api,1
25,programming,Why do programmers always get Christmas and Halloween mixed up? — Because DEC 25 = OCT 31,OJA,https://github.com/15Dkatz/official_joke_api,1
26,programming,How do you generate a random string? — Put a Windows user in front of Vim and tell them to exit.,OJA,https://github.com/15Dkatz/official_joke_api,1
27,programming,Why did the developer quit his job? — Because he didn't get arrays.,OJA,https://github.com/15Dkatz/official_joke_api,1
28,programming,Why did the programmer's wife leave him? — He didn't know how to commit.,OJA,https://github.com/15Dkatz/official_joke_api,1
29,programming,Why did the programmer always mix up Halloween and Christmas? — Because Oct 31 equals Dec 25.,OJA,https://github.com/15Dkatz/official_joke_api,1
30,programming,Why did the developer go broke? — They kept spending all their cache.,OJA,https://github.com/15Dkatz/official_joke_api,1
31,programming,Why did the developer go to therapy? — They had too many unresolved issues.,OJA,https://github.com/15Dkatz/official_joke_api,1
32,programming,A user interface is like a joke. — If you have to explain it then it is not that good.,OJA,https://github.com/15Dkatz/official_joke_api,1
33,programming,Knock-knock. — A race condition. Who is there?,OJA,https://github.com/15Dkatz/official_joke_api,1
34,programming,What goes after USA? — USB.,OJA,https://github.com/15Dkatz/official_joke_api,1
35,programming,Where did the API go to eat? — To the RESTaurant.,OJA,https://github.com/15Dkatz/official_joke_api,1
36,programming,Why did the private classes break up? — Because they never saw each other.,OJA,https://github.com/15Dkatz/official_joke_api,1
37,programming,Why did the developer go broke buying Bitcoin? — He kept calling it bytecoin and didn't get any.,OJA,https://github.com/15Dkatz/official_joke_api,1
38,programming,What do you call a computer mouse that swears a lot? — A cursor!,OJA,https://github.com/15Dkatz/official_joke_api,1
39,programming,Why would a guitarist become a good programmer? — He's adept at riffing in C#.,OJA,https://github.com/15Dkatz/official_joke_api,1
40,programming,What did the Java code say to the C code? — You've got no class.,OJA,https://github.com/15Dkatz/official_joke_api,1
41,research,I can't tell if i like this blender... — It keeps giving me mixed results.,OJA,https://github.com/15Dkatz/official_joke_api,1
42,research,"How many hipsters does it take to change a lightbulb? — Oh, it's a really obscure number. You've probably never heard of it.",OJA,https://github.com/15Dkatz/official_joke_api,1
43,research,Why didn't the number 4 get into the nightclub? — Because he is 2 square.,OJA,https://github.com/15Dkatz/official_joke_api,1
44,research,Why do mathematicians hate the U.S.? — Because it's indivisible.,OJA,https://github.com/15Dkatz/official_joke_api,1
45,research,Why do valley girls hang out in odd numbered groups? — Because they can't even.,OJA,https://github.com/15Dkatz/official_joke_api,1
46,research,How do you make the number one disappear? — Add the letter G and it’s “gone”!,OJA,https://github.com/15Dkatz/official_joke_api,1
47,research,What does the mermaid wear to math class? — Algae-bra.,OJA,https://github.com/15Dkatz/official_joke_api,1
48,research,While I was sleeping my friends decided to write math equations on me. — You should have seen the expression on my face when I woke up.,OJA,https://github.com/15Dkatz/official_joke_api,1
49,research,Why did the math book look sad? — Because it had too many problems.,OJA,https://github.com/15Dkatz/official_joke_api,1
50,research,What did the fish say when it hit the wall? — Dam.,OJA,https://github.com/15Dkatz/official_joke_api,1
51,research,How do you make a tissue dance? — You put a little boogie on it.,OJA,https://github.com/15Dkatz/official_joke_api,1
52,research,What's Forrest Gump's password? — 1Forrest1,OJA,https://github.com/15Dkatz/official_joke_api,1
53,research,What do you call a belt made out of watches? — A waist of time.,OJA,https://github.com/15Dkatz/official_joke_api,1
54,research,Why can't bicycles stand on their own? — They are two tired,OJA,https://github.com/15Dkatz/official_joke_api,1
55,research,"How does a train eat? — It goes chew, chew",OJA,https://github.com/15Dkatz/official_joke_api,1
56,research,What do you call a singing Laptop? — A Dell,OJA,https://github.com/15Dkatz/official_joke_api,1
57,research,How many lips does a flower have? — Tulips,OJA,https://github.com/15Dkatz/official_joke_api,1
58,research,What kind of shoes does a thief wear? — Sneakers,OJA,https://github.com/15Dkatz/official_joke_api,1
59,research,What's the best time to go to the dentist? — Tooth hurty.,OJA,https://github.com/15Dkatz/official_joke_api,1
60,research,Knock knock. Who's there? A broken pencil. A broken pencil who? — Never mind. It's pointless.,OJA,https://github.com/15Dkatz/official_joke_api,1
61,research,"Knock knock. Who's there? Cows go. Cows go who? — No, cows go moo.",OJA,https://github.com/15Dkatz/official_joke_api,1
62,research,Knock knock. Who's there? Little old lady. Little old lady who? — I didn't know you could yodel!,OJA,https://github.com/15Dkatz/official_joke_api,1
63,research,Did you hear about the two silk worms in a race? — It ended in a tie.,OJA,https://github.com/15Dkatz/official_joke_api,1
64,research,What do you call a laughing motorcycle? — A Yamahahahaha.,OJA,https://github.com/15Dkatz/official_joke_api,1
65,research,A termite walks into a bar and says... — 'Where is the bar tended?',OJA,https://github.com/15Dkatz/official_joke_api,1
66,research,What does C.S. Lewis keep at the back of his wardrobe? — Narnia business!,OJA,https://github.com/15Dkatz/official_joke_api,1
67,research,What did the duck say when he bought lipstick? — Put it on my bill,OJA,https://github.com/15Dkatz/official_joke_api,1
68,research,What happens to a frog's car when it breaks down? — It gets toad away,OJA,https://github.com/15Dkatz/official_joke_api,1
69,research,did you know the first French fries weren't cooked in France? — they were cooked in Greece,OJA,https://github.com/15Dkatz/official_joke_api,1
70,research,Knock knock. Who's there? Opportunity. — That is impossible. Opportunity doesn’t come knocking twice!,OJA,https://github.com/15Dkatz/official_joke_api,1
71,pun,Why did the mushroom get invited to the party? — Because he was a fungi.,OJA,https://github.com/15Dkatz/official_joke_api,1
72,pun,"A ham sandwhich walks into a bar and orders a beer. The bartender says... — I'm sorry, we don't serve food here",OJA,https://github.com/15Dkatz/official_joke_api,1
73,pun,Why did the Clydesdale give the pony a glass of water? — Because he was a little horse,OJA,https://github.com/15Dkatz/official_joke_api,1
74,pun,What do you call a factory that sells passable products? — A satisfactory,OJA,https://github.com/15Dkatz/official_joke_api,1
75,pun,Why did the invisible man turn down the job offer? — He couldn't see himself doing it,OJA,https://github.com/15Dkatz/official_joke_api,1
76,pun,How do you make holy water? — You boil the hell out of it,OJA,https://github.com/15Dkatz/official_joke_api,1
77,pun,What do you call a cow with no legs? — Ground beef!,OJA,https://github.com/15Dkatz/official_joke_api,1
78,pun,Knock knock. Who's there? Hatch. Hatch who? — Bless you!,OJA,https://github.com/15Dkatz/official_joke_api,1
79,pun,What do you call sad coffee? — Despresso.,OJA,https://github.com/15Dkatz/official_joke_api,1
80,pun,Why did the butcher work extra hours at the shop? — To make ends meat.,OJA,https://github.com/15Dkatz/official_joke_api,1
81,pun,Did you hear about the chameleon who couldn't change color? — They had a reptile dysfunction.,OJA,https://github.com/15Dkatz/official_joke_api,1
82,pun,Did you hear about the cow who jumped over the barbed wire fence? — It was udder destruction.,OJA,https://github.com/15Dkatz/official_joke_api,1
83,pun,Did you hear about the guy who invented Lifesavers? — They say he made a mint.,OJA,https://github.com/15Dkatz/official_joke_api,1
84,pun,Did you hear about the guy whose whole left side was cut off? — He's all right now.,OJA,https://github.com/15Dkatz/official_joke_api,1
85,pun,Did you hear about the runner who was criticized? — He just took it in stride,OJA,https://github.com/15Dkatz/official_joke_api,1
86,pun,Did you hear about the scientist who was lab partners with a pot of boiling water? — He had a very esteemed colleague.,OJA,https://github.com/15Dkatz/official_joke_api,1
87,pun,How did the hipster burn the roof of his mouth? — He ate the pizza before it was cool.,OJA,https://github.com/15Dkatz/official_joke_api,1
88,pun,How do you find Will Smith in the snow? — Look for fresh prints.,OJA,https://github.com/15Dkatz/official_joke_api,1
89,pun,How do you fix a broken pizza? — With tomato paste.,OJA,https://github.com/15Dkatz/official_joke_api,1
90,pun,How do you fix a damaged jack-o-lantern? — You use a pumpkin patch.,OJA,https://github.com/15Dkatz/official_joke_api,1
91,pun,How do you get a baby alien to sleep? — You rocket.,OJA,https://github.com/15Dkatz/official_joke_api,1
92,pun,How do you get two whales in a car? — Start in England and drive West.,OJA,https://github.com/15Dkatz/official_joke_api,1
93,pun,How do you know if there’s an elephant under your bed? — Your head hits the ceiling!,OJA,https://github.com/15Dkatz/official_joke_api,1
94,pun,How do you make a hankie dance? — Put a little boogie in it.,OJA,https://github.com/15Dkatz/official_joke_api,1
95,pun,How do you organize a space party? — You planet.,OJA,https://github.com/15Dkatz/official_joke_api,1
96,pun,How do you steal a coat? — You jacket.,OJA,https://github.com/15Dkatz/official_joke_api,1
97,pun,How do you tell the difference between a crocodile and an alligator? — You will see one later and one in a while.,OJA,https://github.com/15Dkatz/official_joke_api,1
98,pun,How does a dyslexic poet write? — Inverse.,OJA,https://github.com/15Dkatz/official_joke_api,1
99,pun,How does a French skeleton say hello? — Bone-jour.,OJA,https://github.com/15Dkatz/official_joke_api,1
100,pun,How does a penguin build it’s house? — Igloos it together.,OJA,https://github.com/15Dkatz/official_joke_api,1
101,general,Do you know what the word 'was' was initially? — Before was was was was was is.,OJA,https://github.com/15Dkatz/official_joke_api,1
102,general,I'm reading a book about anti-gravity... — It's impossible to put down,OJA,https://github.com/15Dkatz/official_joke_api,1
103,general,"If you're American when you go into the bathroom, and American when you come out, what are you when you're in there? — European",OJA,https://github.com/15Dkatz/official_joke_api,1
104,general,Want to hear a joke about a piece of paper? — Never mind...it's tearable,OJA,https://github.com/15Dkatz/official_joke_api,1
105,general,I just watched a documentary about beavers. — It was the best dam show I ever saw,OJA,https://github.com/15Dkatz/official_joke_api,1
106,general,If you see a robbery at an Apple Store... — Does that make you an iWitness?,OJA,https://github.com/15Dkatz/official_joke_api,1
107,general,If you boil a clown... — Do you get a laughing stock?,OJA,https://github.com/15Dkatz/official_joke_api,1
108,general,Finally realized why my plant sits around doing nothing all day... — He loves his pot.,OJA,https://github.com/15Dkatz/official_joke_api,1
109,general,Don't look at the eclipse through a colander. — You'll strain your eyes.,OJA,https://github.com/15Dkatz/official_joke_api,1
110,general,"Why do chicken coops only have two doors? — Because if they had four, they would be chicken sedans",OJA,https://github.com/15Dkatz/official_joke_api,1
111,general,"When a dad drives past a graveyard: Did you know that's a popular cemetery? — Yep, people are just dying to get in there",OJA,https://github.com/15Dkatz/official_joke_api,1
112,general,I had a dream that I was a muffler last night. — I woke up exhausted!,OJA,https://github.com/15Dkatz/official_joke_api,1
113,general,Why is peter pan always flying? — Because he neverlands,OJA,https://github.com/15Dkatz/official_joke_api,1
114,general,"I dropped a pear in my car this morning. — You should drop another one, then you would have a pair.",OJA,https://github.com/15Dkatz/official_joke_api,1
115,general,Did you hear about the hungry clock? — It went back four seconds.,OJA,https://github.com/15Dkatz/official_joke_api,1
116,general,Well... — That’s a deep subject.,OJA,https://github.com/15Dkatz/official_joke_api,1
117,general,Did you hear the story about the cheese that saved the world? — It was legend dairy.,OJA,https://github.com/15Dkatz/official_joke_api,1
118,general,Did you watch the new comic book movie? — It was very graphic!,OJA,https://github.com/15Dkatz/official_joke_api,1
119,general,I started a new business making yachts in my attic this year... — The sails are going through the roof.,OJA,https://github.com/15Dkatz/official_joke_api,1
120,general,"I got hit in the head by a soda can, but it didn't hurt that much... — It was a soft drink.",OJA,https://github.com/15Dkatz/official_joke_api,1
121,general,I couldn't get a reservation at the library... — They were fully booked.,OJA,https://github.com/15Dkatz/official_joke_api,1
122,general,What do you give to a lemon in need? — Lemonaid.,OJA,https://github.com/15Dkatz/official_joke_api,1
123,general,Never take advice from electrons. — They are always negative.,OJA,https://github.com/15Dkatz/official_joke_api,1
124,general,"Hey, dad, did you get a haircut? — No, I got them all cut.",OJA,https://github.com/15Dkatz/official_joke_api,1
125,general,What time is it? — I don't know... it keeps changing.,OJA,https://github.com/15Dkatz/official_joke_api,1
126,general,"A weasel walks into a bar. The bartender says, ""Wow, I've never served a weasel before. What can I get for you?"" — Pop,goes the weasel.",OJA,https://github.com/15Dkatz/official_joke_api,1
127,general,Bad at golf? — Join the club.,OJA,https://github.com/15Dkatz/official_joke_api,1
128,general,Can a kangaroo jump higher than the Empire State Building? — Of course. The Empire State Building can't jump.,OJA,https://github.com/15Dkatz/official_joke_api,1
129,general,"Can February march? — No, but April may.",OJA,https://github.com/15Dkatz/official_joke_api,1
130,general,"Can I watch the TV? — Yes, but don’t turn it on.",OJA,https://github.com/15Dkatz/official_joke_api,1
131,general,"Dad, can you put my shoes on? — I don't think they'll fit me.",OJA,https://github.com/15Dkatz/official_joke_api,1
132,general,Did you hear about the bread factory burning down? — They say the business is toast.,OJA,https://github.com/15Dkatz/official_joke_api,1
133,general,Did you hear about the cheese factory that exploded in France? — There was nothing left but de Brie.,OJA,https://github.com/15Dkatz/official_joke_api,1
134,general,"Did you hear about the kidnapping at school? — It's ok, he woke up.",OJA,https://github.com/15Dkatz/official_joke_api,1
135,general,"Did you hear about the new restaurant on the moon? — The food is great, but there’s just no atmosphere.",OJA,https://github.com/15Dkatz/official_joke_api,1
136,general,Did you hear about the submarine industry? — It really took a dive...,OJA,https://github.com/15Dkatz/official_joke_api,1
137,general,Did you hear that David lost his ID in prague? — Now we just have to call him Dav.,OJA,https://github.com/15Dkatz/official_joke_api,1
138,general,"Did you hear that the police have a warrant out on a midget psychic ripping people off? — It reads ""Small medium at large.""",OJA,https://github.com/15Dkatz/official_joke_api,1
139,general,Did you hear the joke about the wandering nun? — She was a roman catholic.,OJA,https://github.com/15Dkatz/official_joke_api,1
140,general,Did you hear the news? — FedEx and UPS are merging. They’re going to go by the name Fed-Up from now on.,OJA,https://github.com/15Dkatz/official_joke_api,1
141,general,Did you hear the one about the guy with the broken hearing aid? — Neither did he.,OJA,https://github.com/15Dkatz/official_joke_api,1
142,general,Did you know crocodiles could grow up to 15 feet? — But most just have 4.,OJA,https://github.com/15Dkatz/official_joke_api,1
143,general,What do ghosts call their true love? — Their ghoul-friend,OJA,https://github.com/15Dkatz/official_joke_api,1
144,general,Did you know that protons have mass? — I didn't even know they were catholic.,OJA,https://github.com/15Dkatz/official_joke_api,1
145,general,Did you know you should always take an extra pair of pants golfing? — Just in case you get a hole in one.,OJA,https://github.com/15Dkatz/official_joke_api,1
146,general,Do I enjoy making courthouse puns? — Guilty,OJA,https://github.com/15Dkatz/official_joke_api,1
147,general,Do you know where you can get chicken broth in bulk? — The stock market.,OJA,https://github.com/15Dkatz/official_joke_api,1
148,general,"Do you want a brief explanation of what an acorn is? — In a nutshell, it's an oak tree.",OJA,https://github.com/15Dkatz/official_joke_api,1
149,general,Ever wondered why bees hum? — It's because they don't know the words.,OJA,https://github.com/15Dkatz/official_joke_api,1
150,general,Have you ever heard of a music group called Cellophane? — They mostly wrap.,OJA,https://github.com/15Dkatz/official_joke_api,1
151,general,Have you heard of the band 1023MB? — They haven't got a gig yet.,OJA,https://github.com/15Dkatz/official_joke_api,1
152,general,"Have you heard the rumor going around about butter? — Never mind, I shouldn't spread it.",OJA,https://github.com/15Dkatz/official_joke_api,1
153,general,How are false teeth like stars? — They come out at night!,OJA,https://github.com/15Dkatz/official_joke_api,1
154,general,How can you tell a vampire has a cold? — They start coffin.,OJA,https://github.com/15Dkatz/official_joke_api,1
155,general,How come a man driving a train got struck by lightning? — He was a good conductor.,OJA,https://github.com/15Dkatz/official_joke_api,1
156,general,How come the stadium got hot after the game? — Because all of the fans left.,OJA,https://github.com/15Dkatz/official_joke_api,1
157,general,How did Darth Vader know what Luke was getting for Christmas? — He felt his presents.,OJA,https://github.com/15Dkatz/official_joke_api,1
158,general,How do hens stay fit? — They always egg-cercise!,OJA,https://github.com/15Dkatz/official_joke_api,1
159,general,How do locomotives know where they're going? — Lots of training,OJA,https://github.com/15Dkatz/official_joke_api,1
160,general,How do the trees get on the internet? — They log on.,OJA,https://github.com/15Dkatz/official_joke_api,1
161,general,How good are you at Power Point? — I Excel at it.,OJA,https://github.com/15Dkatz/official_joke_api,1
162,general,How does a scientist freshen their breath? — With experi-mints!,OJA,https://github.com/15Dkatz/official_joke_api,1
163,general,How does the moon cut his hair? — Eclipse it.,OJA,https://github.com/15Dkatz/official_joke_api,1
164,general,How many apples grow on a tree? — All of them!,OJA,https://github.com/15Dkatz/official_joke_api,1
165,general,How many bones are in the human hand? — A handful of them.,OJA,https://github.com/15Dkatz/official_joke_api,1
166,general,How many kids with ADD does it take to change a lightbulb? — Let's go ride bikes!,OJA,https://github.com/15Dkatz/official_joke_api,1
167,general,How many optometrists does it take to change a light bulb? — 1 or 2? 1... or 2?,OJA,https://github.com/15Dkatz/official_joke_api,1
168,general,"How many seconds are in a year? — 12. January 2nd, February 2nd, March 2nd, April 2nd.... etc",OJA,https://github.com/15Dkatz/official_joke_api,1
169,general,How many tickles does it take to tickle an octopus? — Ten-tickles!,OJA,https://github.com/15Dkatz/official_joke_api,1
170,general,How much does a hipster weigh? — An instagram.,OJA,https://github.com/15Dkatz/official_joke_api,1
171,general,How was the snow globe feeling after the storm? — A little shaken.,OJA,https://github.com/15Dkatz/official_joke_api,1
172,general,Is the pool safe for diving? — It deep ends.,OJA,https://github.com/15Dkatz/official_joke_api,1
173,general,Is there a hole in your shoe? — No… Then how’d you get your foot in it?,OJA,https://github.com/15Dkatz/official_joke_api,1
174,general,"What did the spaghetti say to the other spaghetti? — Pasta la vista, baby!",OJA,https://github.com/15Dkatz/official_joke_api,1
175,general,What’s 50 Cent’s name in Zimbabwe? — 200 Dollars.,OJA,https://github.com/15Dkatz/official_joke_api,1
176,general,Want to hear a chimney joke? — Got stacks of em! First one's on the house,OJA,https://github.com/15Dkatz/official_joke_api,1
177,general,"Want to hear a joke about construction? — Nah, I'm still working on it.",OJA,https://github.com/15Dkatz/official_joke_api,1
178,general,"Want to hear my pizza joke? — Never mind, it's too cheesy.",OJA,https://github.com/15Dkatz/official_joke_api,1
179,general,What animal is always at a game of cricket? — A bat.,OJA,https://github.com/15Dkatz/official_joke_api,1
180,general,What are the strongest days of the week? — Saturday and Sunday...the rest are weekdays.,OJA,https://github.com/15Dkatz/official_joke_api,1
181,general,What biscuit does a short person like? — Shortbread.,OJA,https://github.com/15Dkatz/official_joke_api,1
182,general,What cheese can never be yours? — Nacho cheese.,OJA,https://github.com/15Dkatz/official_joke_api,1
183,general,What creature is smarter than a talking parrot? — A spelling bee.,OJA,https://github.com/15Dkatz/official_joke_api,1
184,general,"What did celery say when he broke up with his girlfriend? — She wasn't right for me, so I really don't carrot all.",OJA,https://github.com/15Dkatz/official_joke_api,1
185,general,What did Michael Jackson name his denim store? — Billy Jeans!,OJA,https://github.com/15Dkatz/official_joke_api,1
186,general,What did one nut say as he chased another nut? — I'm a cashew!,OJA,https://github.com/15Dkatz/official_joke_api,1
187,general,What did one plate say to the other plate? — Dinner is on me!,OJA,https://github.com/15Dkatz/official_joke_api,1
188,general,What did one snowman say to the other snow man? — Do you smell carrot?,OJA,https://github.com/15Dkatz/official_joke_api,1
189,general,What did one wall say to the other wall? — I'll meet you at the corner!,OJA,https://github.com/15Dkatz/official_joke_api,1
190,general,What did Romans use to cut pizza before the rolling cutter was invented? — Lil Caesars,OJA,https://github.com/15Dkatz/official_joke_api,1
191,general,What did the 0 say to the 8? — Nice belt.,OJA,https://github.com/15Dkatz/official_joke_api,1
192,general,What did the beaver say to the tree? — It's been nice gnawing you.,OJA,https://github.com/15Dkatz/official_joke_api,1
193,general,"What did the big flower say to the littler flower? — Hi, bud!",OJA,https://github.com/15Dkatz/official_joke_api,1
194,general,What did the Buffalo say to his little boy when he dropped him off at school? — Bison.,OJA,https://github.com/15Dkatz/official_joke_api,1
195,general,"What did the digital clock say to the grandfather clock? — Look, no hands!",OJA,https://github.com/15Dkatz/official_joke_api,1
196,general,What did the dog say to the two trees? — Bark bark.,OJA,https://github.com/15Dkatz/official_joke_api,1
197,general,What did the Dorito farmer say to the other Dorito farmer? — Cool Ranch!,OJA,https://github.com/15Dkatz/official_joke_api,1
198,general,What did the fish say when it swam into a wall? — Damn!,OJA,https://github.com/15Dkatz/official_joke_api,1
199,general,"What did the judge say to the dentist? — Do you swear to pull the tooth, the whole tooth and nothing but the tooth?",OJA,https://github.com/15Dkatz/official_joke_api,1
200,general,What did the late tomato say to the early tomato? — I’ll ketch up,OJA,https://github.com/15Dkatz/official_joke_api,1
